{"train/pointer_loss":6.3717803955078125,"_step":18,"train/coverage_penalty":0,"epoch":29,"_wandb":{"runtime":71},"_timestamp":1.762837407925577e+09,"train/loss":7.789473056793213,"train/set_f1":0.0015170227270573378,"step":380,"train/learning_rate":0.0003,"_runtime":71,"train/flow_loss":0.008228960447013378,"train/side_loss":0.7167764902114868,"final_epoch":30,"train/stop_loss":0.692687451839447,"final_set_f1":0.0015170227270573378,"final_step":390}